id,text
725,can you check the reading on the computer
726,our situation is not very different
727,do you know how to read music
728,i just wanted our usual food to eat
729,how many casualties were there
730,living with this group of friends felt wonderful
731,what brings you to our home
732,she said she especially wouldn't want to talk to you.
733,bring me the noise report please
734,do you understand that recycling is important
735,my computer is quite expensive
736,everyone should read newspaper
737,i have certainly made friends here.
738,nothing too expensive please
739,many local people worked at this company
740,pick up your biggest book
741,what difference does this make
742,that'll be this
743,paces the first player game
744,were you here last summer
745,that's malicious
746,i tried to have a compish.
747,and drop those off
748,we have a lot of people who work on the line
749,this is really important
750,usually she will out to set up the victor.
751,it made a big difference
752,this item can set up your direction
753,you really can count thousands of stars
754,our time is right as interest accrues
755,it's on top of the federal tax on casually.
756,it's going to be hard to
757,drex are built entirely sturdy.
758,somebody would see it
759,has cultural been for you
760,more of the volunteer neckic service
761,you like in?
762,this pre-meditated where we work
763,but the thing was that i could do the job myself
764,we were sitting there wondering
765,they've come a long way
766,they will order everyone to go along
767,basically i will just stick around
768,this camping space is expensive
769,what was in the local newspaper today
770,this season will bring more sun
771,what are you watching this season
772,what's the deal with everyone in this company
773,morning hours with sun are quite wonderful
774,people used white clothes for this game
775,the social situation here is getting better
776,that old music record is still very good
777,ten guys came in for cars
778,this policy will change the law in many states
779,it is a great occasion to start growing
780,this situation is not especially special
781,there is a big camping jeep over here.
782,my word is final
783,public education is getting better
784,this is certainly not with a thousand dollars
785,"this looks super, it's an exception, but it's not."
786,i think there is still some confusion about this
787,i will not best another game this season
788,it felt quite unusual
789,what's between my home in this new city
790,recycling more will totally help
791,five files north of here
792,i avoid white clothes for this game
793,which areas of the city are good for living
794,he has been a good child so far
795,you have to be quite social to make friends
796,it's better that you're home
797,social countries are wonderful
798,are you working this full game season
799,please play my favorite music
800,the sun should point us to the north
801,i was saying exactly this
802,she loved nothing more than her favorite book
803,testing is important
804,they record music in a small room
805,they are future husband and wife
806,cloggerly clothes are expensive.
807,tell me about nice places near you
808,this is not dis-a-cellularly true
809,i don't understand what you're saying
810,i paid with my usual credit card
811,what is your next line in the play
812,my father was thinking about it
813,but that across the room
814,my heart is with you
815,what exactly do you know
816,you've already told enough
817,my daughter likes her car
818,that seems like enough work for today
819,half of my friends live close to me
820,your social situation is not very different.
821,we must record everything that happened today
822,let's go check this new place out
823,i am sure i can do this without your help.
824,do not put oil in the water
825,it is unusual for my parents to team up with them
825,it is unusual for my parents to team up with them
826,living on a project is quite difficult
827,please take care of your child
828,i was especially looking forward to it
829,twelve days to go for the final game
830,i had this vision once
831,i will get my best clothes out
832,is this the place you usually visit
833,my parents give me quality and just a suggestion
834,she sold me this back and i paid for it
835,this was a business decision
836,"i like driving, it's easy"
837,this program is very interesting
838,are you certain your parents will let you go
839,the sight of children in this country is awful
840,companies are looking for more employees
841,i would rather be with my friends
842,we are some band to help our family
843,the city has a drug problem
844,i do not get paid enough for this
845,being a mother is not always easy
846,he does not seem like a person who would make that choice
847,i don't believe that couple went out so late
848,this is a good season for our business
849,are you free to work on this tonight
850,let's talk with each other every half hour.
851,do you even know the difference began this
852,she left hove fifteen minutes ago
853,a jowled that's their family in the moving us
854,this occasion is not that bad
855,one type of pedant do you want to go up to be
856,we good a free gift with the store
857,which version of the story is true
858,come paddy much is a card in the ivory.
859,big your favorite big from school
860,how many hours did you wait excited
861,we taught this work since the paper came out
862,i couldn't avoid going to the country
863,how many dollars do you need
864,twenty-four hours went by
865,baby food from the store is not bad at all
866,what movies are they making this year
867,is the second season of that fun show coming soon
868,that john's lunch money is more than the other kids'
869,let's stick to some wart ear jar.
870,my daughter loved the sieges we meant to the house
871,bubbling places are for everybody to enjoy
872,i hope you understand the cost of doing this
873,our company will be the sports tv
874,listen to the head cook in the house
875,then music is your mayan
876,"the long sands, this is not right."
877,you seem to be a likelier one in this place.
878,what exactly did your friend tell you
879,this situation is not unusual
880,whatever you say the fact will not change
881,they've not three distances.
882,get out on the reed to boat
883,that's how we gonna start
884,we're bucking it
885,they have the no-choice deal
886,it's nice to get out in the hoppin' air.
887,my brother liz wore our work.
888,they were looking enough to have some oil
889,the fast brings
890,about four thousand
891,you have one will all to yourself.
892,the tree was so pointed
893,do you watch music television
894,i played that music
895,the staying bank
896,both boys have plaque here and brown house
897,that's exactly the problem
898,they played more things in open areas.
899,it is not going to happen that way
900,there has also been a division of inventory to the plague market
901,that's what i want to hear
902,i still didn't want her to go to a day care.
903,then it causes the next point and so on
904,"at, i just ended up having to trap the class"
905,that is a well good show
906,i thought they had changed their policy
907,i cannot tell kids not to play outside
908,shouldn't ken join that reading group
909,"i what, whether this business was with them?"
910,i find this cause really interesting
911,i understood the divergence wait well
912,we are texting the last groom now
913,gummy knew what happened there
914,this company went public this year
915,it will pay an important story to tell
916,i am away on the first weekend of next month
917,i have been to nursery school already
918,"they're nervous and it's bad and the food isn't good, easy."
919,we store this stuff in the room at the back
920,it is an employee education program
921,we don't want any trouble in public places
922,could you keep it that white book please?
923,this movie is my favorite
924,dang people get to hear that a lot
925,i enjoy running for bales on a cold morning.
926,good work often brings joy
927,i do not see the difference
928,that is a wonderful card thank you
929,i'll spend the weekend with my parents
930,you get half of the credit for this work
931,the leaves are all dead and brown
932,an earlier version of this argo was published last month
933,because they don't want to know
934,i think everyone would agree he was a visionary.
935,i remember it took me a long time to understand
936,i guess it is too only to know
937,these types of interests are not unusual
938,you have a couple of choices here
939,it is early in the morning
940,where in pennsylvania are you from
941,she does have a job and a career
942,that enhancement was mainly for people in babel homes
943,i could probably start playing baseball test summer
944,we like being with our kids
945,it is unusual for us to not have rain
946,it's ours to keep
947,there are thoughts of such divisions in this country.
948,he is a predation plaguer
949,it's just the idea that missy said
950,they do cover a variety of top hats
951,join us now for a discount
952,they just need to do something within him
953,what is the subject matter
954,what are you gluing here
955,i feel the same way
956,they wanted what were faulty for five minutes
957,i just can't go on it.
958,we're right to do it every other month
959,i have you enjoy them.
960,i think it's the best raver.
961,i'm enjoying that side of it
962,what i see in the dense pamper
963,when everything is on the line he delivers
964,we don't have a real start margin
965,that basin resin is too much for you
966,more people call on frontons.
967,want to line something
968,we are bored on their level
969,how low does it take to get my points back
970,i don't know how long you've been here
971,some have the entertainments that fell without explanation
972,i'd probably buy another want
973,i think he will pay back it
974,i don't know if you like the marrying in this town
975,the decisions are not in their house
976,practice keeping your successes about you.
977,we like mexican food
978,me chantal to every member
979,i've done that before
980,you are allowed to let the children show their character
981,i welcome the decision of the court
982,"just sit, stone, on the dock and enjoy yourself"
983,i bought a comping of her new book
984,you can't stop people from doing what they want
985,i moved to a bigger city last year
986,they have to stay inside today
987,is the prison restricted to certain types of criminals
988,they don't make pro-modding decisions.
989,i visited an exciting paint shop out in california
990,that was a good weekend
991,maybe but probably not
992,the committee will decide on where the money is best spent
993,i also like jazz music
994,they both moved way out into the country
995,it's quite a bit different now
996,my erling port is part of my home decor.
997,have you ever heard of it
998,i think that would be more fear.
999,we bought second-hand furniture for our living room
1000,i don't know why i never had a resident in my car
1001,and now they've gone and done a terrible thing
1002,i don't think i did any went last year
1003,i am sorry
1004,i completed the training course
1005,for he has all the week's space next
1006,be evil to annoy it for that is and think
1007,we've been talking a little bit new
1008,it's so far down the road not back in
1009,i got to get a well good mare to trim.
1010,how is the past verala ryer
1011,when was color television amatat
1012,i'm talking about nasser's political comments.
1013,the waits me you've got
1014,she would rue three couples a month
1015,some of them are fillable to your ready requests
1016,there are never good movies like that
1017,"they shut just pell, be just tayo."
1018,but a goal ten or thought
1019,what is this
1020,"will archer lee, they're my ad brix pets."
1021,it is i.v. to and a.v. illoler
1022,"it's for bae, the apron."
1023,i've been quite a traveling nice ridey
1024,i've never sent us his story.
1025,we were works in winter.
1026,"i work in the allied resources, alpha boy, here."
1027,i had what can't for under years
1028,"jace, a concert music or my favorite."
1029,she was Lynn in erroneously.
1030,it was a decision that would pay off
1031,it is hard to remember
1032,i feel so silly
1033,check the software version by typing this command
1034,i live in a really small apartment
1035,maybe you live too far away from your family
1036,i think it happened about ten or fifteen years ago
1037,i hope you enjoyed reading this blog post
1038,we go on vacation at different places every year
1039,after that they will be destroyed
1040,i like classical music
1041,"he is a therapist, my trade"
1042,like when i lived in washington
1043,the players are pretty in focus and this point
1044,i always get those spam phone calls
1045,that was before i moved out here
1046,i forget where she got it
1047,they were elected to the committee
1048,i also remember an illustrated vision of this story.
1049,my husband didn't like that
1050,both teams walked away with just one point each
1051,the two men in charge of the show got married
1052,it was on the news this morning
1053,has he ever been your favorite player
1054,public transportation around here is getting good
1055,it doesn't seem like they are dealing most with it
1056,that guy was remarkably incompetent
1057,i like to have somebody come with me
1058,i'd like to do that
1059,i grew up in uncle hoover.
1060,ed said it was about twerking for intern dollars
1061,i participated in jury duty myself this evening
1062,basing that they had to help each other
1063,"seems like a just mat, isn't it"
1064,i know i have to do more aromas
1065,jansen is fouling to appeal the decision.
1066,why was this decision bad it's why now
1067,"as any city grows, that's more desolation"
1068,it was really pretty
1069,if you are gerd we can go get us clive.
1070,in a town adjacent to albers
1071,everybody seems to like that
1072,because you heard it
1073,we're not mining anything and sis pick it time
1074,they could be just about equal
1075,they didn't have any problem doing it the first stem
1076,it'll up in some way
1077,this verve is really on television
1078,everybody has that same mindset
1079,girls weary sisters lose
1080,you probably wouldn't
1081,it was on the news every night
1082,his story is not unusual
1083,and cooked with some illims
1084,i had found an entry point
1085,they don't kill them
1086,selling the water
1087,pins and us as rules all for traders
1088,they gave us a bushel deal
1089,the reactivity is its usually not the case
1090,i wonder where they do that
1091,he is toned like and casual but from camp
1092,paranoid in the past
1093,"their movie, too, reality."
1094,and i always thought that it was kind of out of fashion
1095,we did find simple good texts
1096,what groot did you happen to be in
1097,there is a deputation all the naught.
1098,that's when i did when i was drawing up
1099,i am really wanting to go on the rafting time
1100,we went with some friends of ours
1101,i can make my pies from scratch
1102,not total but just from cars
1103,the older old beater
1104,i think sooner or later
1105,send me some money
1106,you get a lot of reference in there
1107,if i was setting up a date tile
1108,he was found dead after an implosion was heard.
1109,do of your long present
1110,when would people do it
1111,i'm not quite as big on that
1112,i haven't taught any rewrites yet.
1113,baskets that they use
1114,actually they have
1115,anything like that
1116,it was the right decision
1117,micrones are invited to award the area.
1118,chanting the blogs in stab
1119,you have the chance to really create
1120,feeling in the interior no
1121,he likes to sing lows in change
1122,advice on our son or daughter going to college.
1123,you don't want to go
1124,i'm in the navy
1125,have you heard that
1126,it cannot be measured in that it exists.
1127,i think bettino is always good as proffered
1128,trying to stick in with that
1129,they're not good fighters spontaneously.
1130,i think that a lot of people were that may
1131,we didn't have impacted it
1132,"down off the television and stay, have the computer"
1133,they are fine towards one another
1134,of course you can buy dog in the company
1135,was the bade not vegetable?
1136,i need to make a phone call or two
1137,i really enjoyed it what a pity
1138,it will be our first chance to see each other in one awhile
1139,explore before you exploit
1140,your recollection to came over any of them without duchess
1141,what could be interesting
1142,i think that's the main problem
1143,why would one want to buy more
1144,i much precision to you net
1145,i have not taken them in a long time
1146,he old is antersationt astigri
1147,i pay for the upstair title enjoys and plays vision.
1148,i know that
1149,i read that walt tried judal and the do your times.
1150,then i would execute with it
1151,we get decimated on the time
1152,do you realize where the united states was in the middle east
1153,"think children are experiencing a low economy, dad."
1154,he didn't realize to them every time
1155,ex-state closures are pre-empting a lot of traffic.
1156,the police got them red-handed
1157,you have been invited and in collusion.
1158,close to sea level
1159,don't you wish you had been able to go
1160,it keeps you and going company
1161,i'm a diverged remnant
1162,how much more lord get the gate?
1163,we are grateful for the pleasure of serving you.
1164,they tend to make a decision based on their mood at a certain time.
1165,you all got a pay raise this year
1166,think about this
1167,he pledges a paper of the substance that's your
1168,the supreme court will be a decision today
1169,and all of a sighted they were ground
1170,this is their yearly commission
1171,southern gala for g is still pretty large
1172,i was in a demovely change of situation
1173,this is the point where you want to text it
1174,and saturday we all went out to dinner.
1175,i was very over anyway
1176,i guess my concern is about the article that we're ready.
1177,my computer has good storage capacity and it's fast
1178,i haven't been back home in five years
1179,we've got two living rooms in our new house
1180,you would think so
1181,i don't want to mess anything up
1182,but that's the point
1183,that is a good idea
1184,i don't feel very good
1185,i have already practiced some of them.
1186,i follow her opinion
1187,teach her to write her name
1188,see if there is someone at the door
1189,it's good probation for college
1190,i love this team and the new coach
1191,the american will it social and south america
1192,that is right
1193,there is quite a bit of crime in that neighborhood.
1194,i didn't mind doing that at all
1195,did you get to talk to pam before he left
1196,because their dan was at work.
1197,the youth and teens are already paying for this both
1198,we usually discuss business over lunch
1199,he doesn't really pay attention in class
1200,it's well worth it
1201,what kind of work do you do
1202,we're sure how to do that
1203,they have these fun little parties at night
1204,they have not been made aware of this
1205,at that point she was already gone
1206,i don't want to pay her to be a babysitter
1207,when did they make that book into a movie
1208,i've seen all of this before
1209,we had an april of the flu last month.
1210,always a pleasure to see and talk to them
1211,there's a part of me that fashions them.
1212,do we have to wait until everyone is ready
1213,they visit and their round brother at the nursing home
1214,it's got people jumping for joy
1215,not everybody has a picture pervert body
1216,you will be learning lots of new stuff
1217,the people are really nice
1218,everybody just loves it
1219,you might be like me
1220,i guess it was last year
1221,it just happened within the last three weeks
1222,it wasn't really that important to me
1223,i don't know of any other state with this policy
1224,i could hear the terror in his voice
1225,and i always thought it was kind of out of fashion
1226,we did find semel good nocturnes
1227,it depends what group you happen to be in
1228,that's what i did for money when i was growing up
1229,i really wanted to go on the witching trip
1230,we went with some friends of ours
1231,i can make my piles from scratch
1232,the older old people are so old
1233,you only need to do it what's for a total ban
1234,but at one point did the fear really set in
1235,i have been in prison all my life
1236,they've got a good thing going
1237,the way you handle yourself is expensive
1238,my wife would just love that
1239,our values of diversity and inclusion are drag.
1240,if you play regular difficulty it is not so bad
1241,we're living in a ridiculously new area
1242,down there on the fishing white by the piers.
1243,well i'll be with other people
1244,i guess we do get it from people too
1245,b.p. we should move to the south.
1246,how many of these coins will we need
1247,if you drink a lot of caffeine you'll stay awake
1248,showing data is an excellent way to prove a point
1249,it was a cordless food
1250,i do not charge except for emergencies
1251,i'll be there in the afternoon
1252,let's go visit for like a short weekend or something
1253,i think that's the way this is done
1254,about the sin some
1255,everyone knows how to make a tuna fish sandwich
1256,i can't remember the guy's name
1257,what do you think about this researcher
1258,we love e.t. fest fashionables in the summer.
1259,you can see what i mean
1260,i am an asian roman with a white bow-chant.
1261,we fought the county
1262,i really like it
1263,you can sit in the sun all day around the pool
1264,i really don't want to see them go
1265,they all want a reward or whatever
1266,i've quit doing that myself
1267,the westchalat must back the impension
1268,where do you go camping at around here
1269,i try to save that for the weekend
1270,when does school start
1271,that's just the way it was
1272,impossibles grow in the fields
1273,i had ended up in a very damply looked area.
1274,don't get well-rounded on those baiter
1275,she wanted them to go get one for her
1276,then i think you have a more impeccable approach.
1277,i just don't like that
1278,it you see it trying there's a pressure on them
1279,what's the bart of them
1280,i wasn't of it corrupt for it
1281,and jams of arty or pillars passing through the canal
1282,"i know one i was vying, thinks a nephron."
1283,tightens things up a little ben
1284,if a mover is properly it suss in that out of us roar
1285,i don't know if you're ever seeing anne again
1286,if i lived in new york city or mansion
1287,do you want to come over after thror
1288,that's frocking trails and both ends of the fever
1289,it seems like peeping jays to in so tall is
1290,say what i can gum up with
1291,live compulsive told diseased are very obsolete
1292,we're always being taxed more something
1293,i think that's tried in some measures
1294,they will hope that the council is re-granting in virtually.
1295,it's an odd thing
1296,he kind of is for kisser all in the place
1297,it is all about every connotation and many.
1298,it's part of the occasion
1299,there's another aspect of this
1300,he heard a full solution
1301,we couldn't stand it
1302,the story was a very dramatic story
1303,"uh, pack your kind of shoe for acting"
1304,do you want to buy something
1305,what would you do about it
1306,this is just a starry point
1307,when do you want the bevacistal to come
1308,i don't know what your memory processing is on your phone
1309,they don't let us have any time difference
1310,it was a medusa's flute troy
1311,i think it's definitely got it betty
1312,they do not provide us anything special these knaves
1313,i don't have a problem at all with employees
1314,take a shower and get dressed
1315,both of my cats are deployed
1316,i just flat out didn't spend any money.
1317,there could be a lot of options.
1318,other that they have the usual stuff
1319,it is really scary
1320,there's at least one cat in the house
1321,i'm not sure how they're going to feel about it.
1322,she did very well there
1323,she didn't live with us
1324,that's really wound up
1325,it's a pleasure to make your acquaintances
1326,hope you have enjoyed this dinorial.
1328,my parents always said if we wanted a car we had to pay for it
1329,we've taken those out by the something to take.
1330,it happens every single month without fail
1331,an analogy had a symbol that got it into the trash
1332,i've not some other things to do
1333,kind of a pitting in the one's tone thing
1334,actually this fall i'm going back to school
1335,our invetrection history
1336,we used to always enjoy wasi
1337,you go outside and play
1338,you'd think that it was a private school
1339,i know two women who went there.
1340,they've started a truck testing pathology.
1341,i think there's about seventy of them
1342,if you're stirring another tease with it.
1343,i've heard different
1344,he did it himself through school basically
1345,that i heard a very not an inflation
1346,kai did is a peggyta vervie
1347,this is a good absinthe to catati.
1348,do you want to keep it inside or unsaid
1349,i so we resolutely set outside
1350,professors from other university will present their researches
1351,they are our starting to math them
1352,i go there a few these again till
1353,the r show fall
1354,it of a peely clags lempel ask colin of will
1355,"avidan, won't you owe asreber?"
1356,it was a derision of them to me
1357,it is good to remember
1358,then i heard a very renowned illusion.
1359,my get is a ratty father
1360,that's a good option to sitting.
1361,do you want it in sign or inside
1362,"his eyes so way rambling, certain outstood."
1363,vacation for other didn't miss a chance to fill percent their research
1364,the artel spitting to black dome
1365,i guess there are a few things of fun still.
1366,they are show folk
1367,it is a fully large label on early's of fell
1368,abby a god one niche you at all for a bear
1369,it was a confession that we'd pay off
1370,it's a hoard to remember
1371,we haven't had a lot of problems with the new computer at all
1372,take a sit and he enjoys the wound
1373,i think we failed our elevation
1374,they should be starting these new speeches.
1375,mapley we catch kype and cement
1376,baking at dot in a freed bearer.
1377,not my contracted and infracted your venal abolition power
1378,i guess we're both pretty rather cool people.
1379,it was on his way there
1380,you are probably what
1381,i am gearing to dispossessed and to what all this down
1382,if they were at it a little bit
1383,i think they did a real good job of that
1384,that's what they're doing
1385,it's a really good movie
1386,what's your second favorite wood
1387,mabel is freshie.
1388,there never will be
1389,what are the things that are probably
1390,that's got to be dreadful territory
1391,can do better than what
1392,the only kinds of things that you can use
1393,that's kind of understandable
1394,in the battle of a pre-medental area
1395,are you saving another desk with it
1396,he basically put himself through school
1397,my car is a ninety-cent talk computer
1398,get would have the new that we have want now
1399,i am an apparelled dissident
1400,that's why we decided to build and agnesan.
1401,this was that movie about
1402,the benefit of having vision ancients is for the family
1403,you don't find them
1404,what gave you starting to you too?
1405,"i've been at companies where people early look to all three s.o.s., i'd say."
1406,i was really better to your owners that i am down
1407,she has a god to you
1408,her highs are dining caller.
1409,our appearing merge it devisement
1410,i threw we have but thirded butts; life is our throat.
1411,i'll use a music service isn't for country music
1412,i was sitting on the hizz at wise sea
1413,annie lives that daw bach.
1414,that's the way out
1415,they just wiped the potter bore on the cot though open
1416,wrought in the mural of my back
1417,it has joined to what occasions laud attest another's.
1418,"i'm hungry, dirty is a caffeine."
1419,so's would you think to
1420,how many do you have
1421,why is stutter always the the only old ripe parrot life?
1422,i was in a letter for a dismissal sway
1423,"the card dalushabm, what my offer?"
1424,when i was ten years old
1425,he wouldn't ever really talk about it
1426,i had war brothers
1427,i could see that
1428,if someone came and heard it
1429,i haven't really had it poised
1430,that was very disconcerting
1431,they're untruly due these like this
1432,what's a mouth my i'd expect gets pain
1433,i know we live in ragamal for seven years
1434,i don't know what that's about
1435,there are always new conflicts or problems or racists.
1436,"i'm talking about inclined to lie, of sorts"
1437,there's a couple new teachers this year
1438,the litigants for caparisons are many expenses
1439,we enjoyed having him here
1440,"i was working on a farm once, someone."
1441,these boy cats are up to all sorts of things.
1442,the action takes pleasure in its numen weight
1443,and a reason versus nerds should be a fight
1444,on the antonette
1445,since they don't have the relief
1446,that's a lot of new searches in the tech you meant
1447,and our and i have a way
1448,she's boss at the other one
1449,well baby that is another falter
